{"cameraMode":{"drawMode":0,"name":"Shaded","section":"Shading Mode"},"sceneLighting":true,"audioPlay":false,"sceneViewState":{"showFog":true,"showMaterialUpdate":false,"showSkybox":true,"showFlares":true,"showImageEffects":false,"showParticleSystems":true},"in2DMode":false,"pivot":{"x":-1.4368560314178467,"y":0.4797690510749817,"z":-4.123843669891357},"rotation":{"x":-0.22201329469680787,"y":0.31964537501335146,"z":-0.07731253653764725,"w":-0.9179145693778992},"size":5.407395362854004,"orthographic":false}